--
-- PostgreSQL database dump
--

-- Dumped from database version 12.1 (Debian 12.1-1.pgdg100+1)
-- Dumped by pg_dump version 12.1 (Debian 12.1-1.pgdg100+1)

SET statement_timeout = 0;
SET lock_timeout = 0;
SET idle_in_transaction_session_timeout = 0;
SET client_encoding = 'UTF8';
SET standard_conforming_strings = on;
SELECT pg_catalog.set_config('search_path', '', false);
SET check_function_bodies = false;
SET xmloption = content;
SET client_min_messages = warning;
SET row_security = off;

SET default_tablespace = '';

SET default_table_access_method = heap;

--
-- Name: migrations; Type: TABLE; Schema: public; Owner: postgres
--

CREATE TABLE public.migrations (
    id integer NOT NULL,
    name character varying(100) NOT NULL,
    hash character varying(40) NOT NULL,
    executed_at timestamp without time zone DEFAULT CURRENT_TIMESTAMP
);


ALTER TABLE public.migrations OWNER TO postgres;

--
-- Name: schema; Type: TABLE; Schema: public; Owner: postgres
--

CREATE TABLE public.schema (
    id integer NOT NULL,
    created bigint NOT NULL,
    user_id bigint NOT NULL,
    name character varying NOT NULL,
    description text NOT NULL,
    complete boolean NOT NULL,
    size_x smallint NOT NULL,
    size_y smallint NOT NULL,
    size_z smallint NOT NULL,
    part_length smallint NOT NULL,
    total_size integer NOT NULL,
    total_parts integer NOT NULL,
    search_tokens tsvector NOT NULL,
    rating smallint,
    downloads integer DEFAULT 0 NOT NULL,
    license character varying DEFAULT 'CC0'::character varying NOT NULL,
    long_description text DEFAULT ''::text NOT NULL
);


ALTER TABLE public.schema OWNER TO postgres;

--
-- Name: schema_id_seq; Type: SEQUENCE; Schema: public; Owner: postgres
--

CREATE SEQUENCE public.schema_id_seq
    AS integer
    START WITH 1
    INCREMENT BY 1
    NO MINVALUE
    NO MAXVALUE
    CACHE 1;


ALTER TABLE public.schema_id_seq OWNER TO postgres;

--
-- Name: schema_id_seq; Type: SEQUENCE OWNED BY; Schema: public; Owner: postgres
--

ALTER SEQUENCE public.schema_id_seq OWNED BY public.schema.id;


--
-- Name: schemamod; Type: TABLE; Schema: public; Owner: postgres
--

CREATE TABLE public.schemamod (
    id integer NOT NULL,
    schema_id bigint NOT NULL,
    mod_name character varying(64) NOT NULL,
    node_count integer NOT NULL
);


ALTER TABLE public.schemamod OWNER TO postgres;

--
-- Name: schemamod_id_seq; Type: SEQUENCE; Schema: public; Owner: postgres
--

CREATE SEQUENCE public.schemamod_id_seq
    AS integer
    START WITH 1
    INCREMENT BY 1
    NO MINVALUE
    NO MAXVALUE
    CACHE 1;


ALTER TABLE public.schemamod_id_seq OWNER TO postgres;

--
-- Name: schemamod_id_seq; Type: SEQUENCE OWNED BY; Schema: public; Owner: postgres
--

ALTER SEQUENCE public.schemamod_id_seq OWNED BY public.schemamod.id;


--
-- Name: schemapart; Type: TABLE; Schema: public; Owner: postgres
--

CREATE TABLE public.schemapart (
    id integer NOT NULL,
    schema_id bigint NOT NULL,
    offset_x smallint NOT NULL,
    offset_y smallint NOT NULL,
    offset_z smallint NOT NULL,
    data bytea NOT NULL,
    metadata bytea NOT NULL
);


ALTER TABLE public.schemapart OWNER TO postgres;

--
-- Name: schemapart_id_seq; Type: SEQUENCE; Schema: public; Owner: postgres
--

CREATE SEQUENCE public.schemapart_id_seq
    AS integer
    START WITH 1
    INCREMENT BY 1
    NO MINVALUE
    NO MAXVALUE
    CACHE 1;


ALTER TABLE public.schemapart_id_seq OWNER TO postgres;

--
-- Name: schemapart_id_seq; Type: SEQUENCE OWNED BY; Schema: public; Owner: postgres
--

ALTER SEQUENCE public.schemapart_id_seq OWNED BY public.schemapart.id;


--
-- Name: user; Type: TABLE; Schema: public; Owner: postgres
--

CREATE TABLE public."user" (
    id integer NOT NULL,
    created bigint NOT NULL,
    name character varying NOT NULL,
    hash character varying NOT NULL,
    mail character varying
);


ALTER TABLE public."user" OWNER TO postgres;

--
-- Name: user_id_seq; Type: SEQUENCE; Schema: public; Owner: postgres
--

CREATE SEQUENCE public.user_id_seq
    AS integer
    START WITH 1
    INCREMENT BY 1
    NO MINVALUE
    NO MAXVALUE
    CACHE 1;


ALTER TABLE public.user_id_seq OWNER TO postgres;

--
-- Name: user_id_seq; Type: SEQUENCE OWNED BY; Schema: public; Owner: postgres
--

ALTER SEQUENCE public.user_id_seq OWNED BY public."user".id;


--
-- Name: schema id; Type: DEFAULT; Schema: public; Owner: postgres
--

ALTER TABLE ONLY public.schema ALTER COLUMN id SET DEFAULT nextval('public.schema_id_seq'::regclass);


--
-- Name: schemamod id; Type: DEFAULT; Schema: public; Owner: postgres
--

ALTER TABLE ONLY public.schemamod ALTER COLUMN id SET DEFAULT nextval('public.schemamod_id_seq'::regclass);


--
-- Name: schemapart id; Type: DEFAULT; Schema: public; Owner: postgres
--

ALTER TABLE ONLY public.schemapart ALTER COLUMN id SET DEFAULT nextval('public.schemapart_id_seq'::regclass);


--
-- Name: user id; Type: DEFAULT; Schema: public; Owner: postgres
--

ALTER TABLE ONLY public."user" ALTER COLUMN id SET DEFAULT nextval('public.user_id_seq'::regclass);


--
-- Data for Name: migrations; Type: TABLE DATA; Schema: public; Owner: postgres
--

COPY public.migrations (id, name, hash, executed_at) FROM stdin;
0	create-migrations-table	e18db593bcde2aca2a408c4d1100f6abba2195df	2020-04-15 07:21:47.015001
1	init	181a2b53977396545bbdff0d9748d3269345257d	2020-04-15 07:21:47.045589
2	schema-columns	b47008a5544809e3aea67ef864594e39d8dc2b79	2020-04-15 07:21:47.164489
3	schema-license	215a8a2d7c3ad7b72b76be7027e36c7f2c2b9884	2020-04-15 07:21:47.176006
4	schema-longdescription	282d7bebc2a5922eb0fe71e83a3cdd6742b24ace	2020-04-15 07:21:47.182126
\.


--
-- Data for Name: schema; Type: TABLE DATA; Schema: public; Owner: postgres
--

COPY public.schema (id, created, user_id, name, description, complete, size_x, size_y, size_z, part_length, total_size, total_parts, search_tokens, rating, downloads, license, long_description) FROM stdin;
1	1586935339828	1	my_schema	description	t	31	21	31	16	3124	8	'descript':3 'schema':2	\N	0	CC0	
2	1586935641483	2	alignment	alignment test landscape	t	69	32	56	16	17377	40	'align':1,2 'landscap':4 'test':3	\N	0	CC0	
\.


--
-- Data for Name: schemamod; Type: TABLE DATA; Schema: public; Owner: postgres
--

COPY public.schemamod (id, schema_id, mod_name, node_count) FROM stdin;
1	1	air	190
2	1	default	19991
3	2	air	85745
4	2	default	37844
5	2	flowers	57
6	2	butterflies	2
\.


--
-- Data for Name: schemapart; Type: TABLE DATA; Schema: public; Owner: postgres
--

COPY public.schemapart (id, schema_id, offset_x, offset_y, offset_z, data, metadata) FROM stdin;
1	1	0	0	0	\\x1f8b0800000000000003ed595b92832010d45479054f102ec2c1b672f4ec1a31acce83388c98b2bb2b1fda20033d20c1bebb4fec4d8cf34f2e711e46351ecf786f19297de87e26527af8e5560f13393d2cdcea77d5ff976a1b0f7dbccfc43c5a8fb887c5fd8150fffc19d8fc08b39ecafc8f33ccfa8dd023595ff7bf37af0e67e6f9f232cd643aca90cd75aef656a7ebbfeeda577f0bb5b68fc84d2907dabfd9925f31bba674ea8a2bef1b714ebbbf56fdb8beee63d97ce64a94ea9ceaddbbf6fe9f3703d27e8cf627ac28d7df971f57f0dfbb871ce575567377adeb25e47638757d272a7bf512fd9351d2f3c3a6b7e39e7d1aa5cbee4beda45dde67b35cf3b7f57ea8ac0ffaaecebb0fb5fcdff7fc1ab48c607bb68fd0e69feeaff7dbbbfd08ee8ffc4ae7555e8cdd28aab27e056af3d33abfb519eebd0268fed6f25fdb55963cc1772428d658dff97ebfcf7da412757ac2b5302e3a5d62146bd764cbef351c7ddfef5a7ef46a7ed8f9f65fd6ad2cf91e67fb57e2c31aebbfc5dffc1c1ffc3e1e73123f4ea4b50700000000000000000000000000000000000000000000005f8f2783ddd69500400000	\\x1f8b08000000000000035d8ecb0a83400c45ff256b37b5d4c2fccc109dd40ecc4326d156c57f6fa414a5ab0b27b9275921654736e230f8d48359017d0173a99b0a1c3d700c62badcb681c0d40772be888213e90b4e14c05cef078b9979feb56f07671f262a9631392d9c2eb1e4a4ab973f625f5e9eb6cba8fea6d92a8824e85070ff577ca4c260d218828ed82fb4e3b76ad43c7f63d963db3e83120c1cee000000
2	1	16	0	0	\\x1f8b0800000000000003ed984b0e83300c44cb25b8812f9293f5e85d549540a21ec0f9f3de2c0db1938989c8f25ad0f05addd857ad6b44ad84ffc853ea208bae2155aa7324a9353db3aab52a8dfb5fa7d29194674d6aac6c0ae7a1ffd15e23ee071351934fb49e414e45cf8452b9ef678ef86b9bf8f1d76e1b57f947ec8eab2a35c7bbe39ef7d78bdb9fd3d2a4fffeeeb9367f3dc2ea3c93e45f67341e558bfec8b33fbceeffbd1d9f9d1ac1f747dd3a45e373de6aa8d3bf9ff3dff727e1fff4a2ff9faeb2e7bbf617ff512fd237b1edffc78e2a780300000000000000000000000000c0147c00f5cce061003c0000	\\x1f8b08000000000000035d8d4b0ac3300c44efa2b5374da90bba8c11b59a0afc09b6d24f82ef1e7bd342570fde0c333ba4ecd9455a164933e00e9eefb406452f4501a7c97ccd5ce8c901f07cfdb9aa3931e0e9cfb897e8c3dd32f5bab5cd4064254f4ae3412572a980690da14755361efadd672e063e1dd6c036d0da017ce4fa1fa0000000
3	1	0	0	16	\\x1f8b0800000000000003ed976b9283201084c52aaee009cc4538d8d61e7d5352ac0303c34b0cbb76f7afe44b7486e6a16a518ff37a58bfbdfe9ad2afc0ba88daeba468f8bdb5625413af494abb3969d8c953bd464c69984259fa5acc57a6ae0abdd0b947a94ea617efe2c9a663c95744ebfaeda7678aae32c74cb6a7fc2fb85f4346f77578042d351dc1b9f2a50987fbb0b559a42c4d55cead23994f28c5cb69ac8fd2f4dd38f293ced2b6fdb99fb6e54bbbae5bc575f99e732736ce3ee3d430ca6bed991b7ebefe538c7f72f92b9a9fcef4335ffbfc4a94fabfe4ff0d4f8e9224fc7c5bf6e95aa7d3e509c6e6e2e8f5fb098fabebaeaea5994319af47a635bdb4f479d58c97efdd43e11eb7e76bbcfdf06f2678c77ede5fc93c55cee6edb0fb4477bffd6d4318a5fbe1f4557be8f57e72fa1b49983ebfd8044ba82254119abee7887ca577c2ab129ef7844df77757befebe70effa2d772ea3dc7b4a3beda95a7a2be2093a12cff76473addf6b3c6bbef2fe23d16df14f60ea5da061be9c4a15cd9aafec71f9c2dcb9733537e7af7eea9a33bf6f088220088220088220088220088220088220088220e85fe8070d3c89b9003c0000	\\x1f8b08000000000000035d8edd0a83300c46df25d7dee8d0415fa6449bb9427fa4a96e2abefb22635476f5c149be93ec10a221ed719a6c1841ed803681aa9bae02430f9c5d5643ec7b47a09a828c4d59c0858c091772a06ef7c27c645e7fedb670b66ea1a4198391c2e512e71864b5fe23fa65f3530f11c5df7547059e321acc78fe9bada7c4a0c2ec9c8cd86e74e2b768c4bc7e6393688fe303daac4a1eee000000
4	1	16	0	16	\\x1f8b0800000000000003ed995b0e83201444eb265841d9082bebd29bd4b6360667c28dd4d739f339a05e0608c4e1361c5465f32f403d556e3a63f247e83a72ebbde77ec05e83d6919e49c5fa5b7f7f2f1db9b2fb4b9f3a8e5c09aae9375f2d7d5e6d9919cca23328492f095fbb682db975e6125af293f4755ffd5ea4d4b26fae9160c43df7ea5609f81dcf8d4a99f5516d936cd12f7d57e9dea5d7509635a705df8fd8f8e6965352cff4f795e0bf4e83f9abfaa88cf9d6dc29df9adb96ebf4cc5eaebf87474730a6f8bdbf6d5c75bef99dae5ec1cbeb3f5a7bd48ddfb57d4fffe74165e29e3c6fd15e473da52c1376e9d7dc07000000000000000000000000005c86277795c19340380000	\\x1f8b08000000000000035d8dc10ac2301044ff65cfb95831427e262c66ad0b6952926dd596fc7b3717154fc3bc07333ba41cc84f38cf9c46703b04bae312c5052e026e18cc878c05578ae0ced72fab1c572abe620a2aec8f909c08dce98ff827cbc3df32ea8eb5cdc044820105fbb5f044a5824b4b8caa2a6fd4f14b672e06de1a7ab0f5d6da01ba8c8ff1b9000000
5	1	0	16	0	\\x1f8b0800000000000003ed92d90d8020100559125bb0031aa1324b37d9185cd1b018aea06fe60b96e3719021e382c4ad85b52c1d7d675dea2ff5b8da42c7f96cb0c79eef13c6f7237deaebab2fcc50f704f7bfe3454d9b5bff76f47cf9fbcf9c4f7fe5d27f347afdf27c33a787f01bae6c7ac4e874a90439f95b9d60030000000000bf6207646d327000140000	\\x1f8b08000000000000035dcedb0ac2300c80e177c9756f9c58a12f53b235ce420fa3cdd46df4dd6d073af1325fc84f3608d190f6384d368ca0363074c3d9b11a62df3b02d5892f199bb8c28f8c091fe4409daf87f998f3f2b9be1c9e39862aa73fd14fcb773d44ac19298b004f8c0619db336c3da50c2accced555b62b357ed58c14b0ecfdb50da5bc019da9581dca000000
6	1	16	16	0	\\x1f8b0800000000000003ed95dd0d80200c84ed124ec0249dccd1f581447e7a2d311889b9ef5e0c57da233120db9e25409eaf4545bbaed945fb3c5f0a2fca67cd97dcffce6775c70946f2d70970ba113feaefd7a44be8ec2ba84d47fd59fddfb89212f3518f15dda91ad6cebc97fb5ed17cadbede7c21d0e9c777d9f9bf79d5a2b9d83f0821841042c8544ea31f81c6c0120000	\\x1f8b08000000000000035d8d4b0ac3300c44efa2b5374da917ba8c1195da08fc09b6d24f82ef5e67534a3703f31eccec900b4b48b42c9aef803bb0dc688d86acd500a7c97d49d3f8901a1a65063cfb1f61250be0e98f84a7da1cae8522a0f7dd41122326a3e3c634496d80798d71a8a69b1cf835662e0ede8023b7517cef1f6f98bb3da4000000
7	1	0	16	16	\\x1f8b0800000000000003ed93510ec010104491f40a4ea01771b21ebd9a8636c15216fd9899cfc1bcacac122a7813728ab5339d3e448ab9b98d4a17982fdb01d3a07bef7477e69c512fb30c549e2b9ecc0a66df4b53ade0a27b57ceaaef05dbbc137dad7f242ebd6b93670c71db54a6dca67a4d753a8e2a9dbd539b49f9fffe0b553e9dbb45edcc70ec0382200882200862d509d8ed5026c0120000	\\x1f8b08000000000000035d8edd0e82300c46dfa5d7dca80193bdcc5258c125fb215b4181ecdd2d260af1b2e7eb77da0d4234a43d8ea30d03a80d0cf53839565d6c5b47a0aed50f199b58c0890c096772a06ef783f998f3f26dd707cfd6cd9474c660a4d09c028e41562f7f443f2d3f741751fc4d532af0c4689071ff92ada7944185c93989b25d69c72fd18879f91c5e65a84b7903a1f12fcce3000000
8	1	16	16	16	\\x1f8b0800000000000003ed95410e80200c04ed2778017c8497f9743d18230adb43a9d56467c3850d61e8055904a41e6bd48ebbb9c1f7bce781bceeb3c2b3f3748a9b07a325871b309e497b701f619480176ef5177958599ded56a5d9af8a55db7fc5ea7afa696cff23ca99de34a4dbe13fd1e2b41242082184fc960d5895c2a194110000	\\x1f8b08000000000000035d8dc10ac2301044ff65cfb95831c2fe4c58cc5a17d2a424dbaa2df9f72617152f03f31eccec10936737d13c4b1c0177f07ca725287ac90a380ce643c64c2b07c0f3f5cb8a8495b32b147d13f647688a0c78fa23ee29fa70b7446dc7da6a6062254f4afd5a65e25c00e31242534536eef8d5662e06de802db75e6a3d00f4e95439b8000000
9	2	0	0	0	\\x1f8b0800000000000003ed995b8eab300c86db4d4c5f783a52b710556721b3802e04f5fd40d8f22103a1b11dc70981d076626b2eff9891b03fe7daf3e99ce57f6697e2d86dfc8b711b6f66e79e6b676f905f666f4fb7d1ed77bfdf82d1fc782b44e5f87e9e477f1d7f3716626f7e9f68aa00fffbf8a5bceccdef536d55a0c6869d12fa4309fc73e3c7f5cf56fcb90ee0e85bc5d1b7aa116680672690be55db8d7fe9ff736790bd08bf0a7f7f4fd0510fd7844698016c1e6a19f5173017d8ea2aa1baa1f827cf10b9fcd7f4470aff275569fcf3fcd7b95b737ffd6fde677d4f48718e8f14cff7ca9fa71fae7f895d635e3ca66b8ee57fde95bf0271ea2ad01f76d718aafdde737e8935e193f93702ff36c81f8efff4fabfc2f897fd48fe90f5f6fcbf04fefcfa604f0cfb9ecaf2e7effcf86fe56f6e0d38fe5b8d6cfea91bfa991a8fe52b7b29fef46f90b51bf7f1f7d37ff2bd00fe6ab92ff067ad4e2dbb3f944e7b29a7416e57ff3af741957f2a9f2dfb63af787cffc472bc0ad12bf384e56fe2be7b40cbd1c47d7c53f8c34f0028ff3b50a1f361cc6de0677c9e104b9fe3fb8cfa9fe0f8e3b1be357f1cff4679afbf1f88e71f9a21de913fd701b1fcaf0b793fffebb212a4f0ff7bb6fc2fcbfdbf22fca12b81ff74f2bf7b63f19f277114b789cbfd15ead0b2fcf9b84bffea8970f4cf80ef8578987fbbec124263c37ffff3dcdb73f743961db74ae7c6edf9548ac7cc228f9d6dd07d8775af07c73494546ba80724894eb202f9130d12c47ad00f94bfa4fb9cfa14c8bfeb90c6fcd3b4a74152122e9d3f6a000afcd886d83f7f5800f07ed3d0e6f584d69d007cdacd076bd10ae43f0242dabe6cdff7216dfe005e56ebb01e8816874689fc07ac97b725ba0be9b1909246f59147c2b1f97758ff43efdf2569993fb103f3d76660402de6236871ed23fab8fc4d7362ede663a6b9909ee6c280f6e54bac44fea41e53ba8f1e6bedbc2fd6d33287b59beaaa7dd091f97734ff215a6fb42d3830ff0ee5dfa17c53cf09efc6bf23f57033f8c91f16440f58bf75fe44830218ddf7683e00051ab50e6a5a2fd85085f227f5985f07f31fcdd9bf606dde1fea71f7e70e71ac7fd657a4698bec9d7fb56ad5aa55ab56ad5ab56ad5aa55ab56ed78fb0ffbafdcf700400000	\\x1f8b08000000000000036d90d10e82300c45ffa5cfbc008ad89f59165770c9d8c8564421fcbb451f00e3539373eeed9acde08321d5e9beb7be059c41db0898175506861a3d384663230316c591a8d1f25ddd82b70dc53024e52c3349b7a8ff05dba85312596e527a5e9580d75de1135339605d1de0831c6079d9989c4bca131947b2f65cfd188e44824f1b4eda1b59b1271cbc84f20c1a17468a09634802cafcb464d0116ba359af7fc2b6130de807e744253bd18a9f5296875fdf31ad6359ded930f45152010000
10	2	16	0	0	\\x1f8b0800000000000003ed985f6e83300cc6c925e07d1277983a5593fab803f438111768b9f2282d4db01d3b344068b1fd32ef4b4a3eff92f48f294c54d65df22aad7ff5590747947d86e7577d96209d6ebbfc3555314e37d292e946d23a9fdf7df223e451a9ba155459bf651cfdd7f3ce3fac5780274c1bc1df1653f81f4d2affd88ce97feecccddff6b438ddcecc7f3c3e77ff7327d57bff26c674c677f5ad97c3df27627ee819902fa7c31d80751ba04ff3af04fee7ec54d64c996f895437e2de4fa79fd07cf78c5350f75f81e26f57e5bfb71c773fcccfd11b46d4e815a8fd714b774350af1fbe23dc1a79fe56f927a4bf037c3ef57304be01c67a29cc0f9d704b3c81d629fa14ff52e05f4de0ff637293592be9f347f3ab095de6f74efc8f49dcffde72d72cc30fbe03c02c05bd2adc7b10cd7f6018c3ff60a69dffcf4f9e8fa4fb845fd70da33be6147d0368e26f8ad02f1c9fbbffb993ebbfaf73f496ccf037ff35f81fdef2269f9229a736c48bd753f8639da77f77e1becfe3ddc277e7f3ef87301f4ac7bfbed1ac789a53f60f4fdfb0f407fe8ea6f287c9f181bac43755a7f6470a7fb78b079af8b6e07ab387cf0753ce671c3d993f7ffa43fce919fce91ff89f0bfaf42bff308b101f4997f84e7f22378ba74fff3eeccfe0e97f3eff66e168db16d68fb8c2ba8bcb355cb7d7765cf743d8ba0525aac1e2e6f01bedbf8575c47af1fa53637ebf29fed78f747fb25fda3fea479e98ec17f913fd6edaff02fe90df4dfb5fc05f8c7fd48f7c31bbbf37f2dfbf637aeb93ea46aac18969613dc446fc3797ee4383bf7c583752ddc09a8de773b7e2bf737c192f1194f386f7dcadf85f35e063e172f6e11ff543fd3ffebf0bffa81ffbf20f6b7f319fee5f434343434343434343434343434363fdf807ff8ffc7500400000	\\x1f8b08000000000000035d90eb6ec3200c85df855f9b144db935697819e415a741221071699b5679f7d9aba6b4434898cff6e1e087705ea39a61598c3b0bf91060829055dd15e23ba78461b406a3fc8b577531de6212b269ca42681c21db24b50984eafa9da8ab49933a07889192cd9efc45aa12f2d8bdc10b5a12ee7746a65039446d91240e2fd5119ca6daf68524ef90acff234f13270f24dd91c068fd154394a729ac2492269cf34c26111de955fd5e117c4446ed8e52b6666176d8190f04980d5b21664ca021014f329999f21c7df44555d2fee40b5a582292f9e1ab2b7935c7aaed86bea6a7b9c5679e6eb96d2417cd1db9e746ff22efebf3b8f3b16d3fc50bbccebc010000
11	2	32	0	0	\\x1f8b0800000000000003edd9dd7183300c0770fcc60464973e32447660092e13c0ca4d0906244b322d14615b7f3db43ac31de2c747dab8caddba9ab9b8f5c75c0d2abffeacfaa91ea8fc763d537e3b6e3d97d2f6dde7cfafd3faeb1eb4bef9a7e42fadcbfa2ea20ffdbf1cd6377fed92f55d44df45f41ba00ef51bd6bfde94b69fae7f7b437fb8cebff9b9e73fdc9af6d756bb8bbf7ec977bf8bdcfde6afed77b63f5e97f5437fbcbdf9dfbb647dec1f3e2d64fd987ff8d921b5d2f64bdb3ffdd2f63bd39f5a97f5a17fa86ffe7b4afe2ba03db8bed79f3e16597feb4fe943ff2e7bff36e2f9b16a833d8e5c1fbfa9f05a91eefdad3fadbffad3fa5bff6eaabcfd5de0bbc7e05cd1f81e923f77ffd3fa6e390fb43e7c3f74c1d94bffff837f333bcfff68c9773ffffd00f4a7e443ff9faac1cf32fdafab96f80dae1ff3f7bedcd33ff47f4ef2f5b29fb65fdafefb9e24d23b49d6e7be1f82fe9c3ee5df57dbf77ffafeaf8b33be837b1fdc5f1185f9715fd8fcb8878792fdfcb84747c2f799cf8ffbf19a4be1eaf9716c7e781c85ce8f7b9bbfa8f9715fd8fcb81f87a2e6c7fd380c43d1f34ffe9fc32b607edc2f83bf0a9eff3df97c0a729f1ff7eb0928617e8bc562b1582c168bc562b1582cff9f6f8cc0ac7c00400000	\\x1f8b08000000000000035d8fdd0e82300c46dfa5d75e08a8317b99a540d1c5b19976884078773bb9f0e7aac9f9fa9d750b84d892edf17e77e1026601740ca6284f3b68a9c3c12753fb816a629e6c3dc8d57ac207891d5dbada8c1d8916f6c74fa125214e56520c54b36b6e60ce5fa9e304a62c7fc9e6bb308adacaea13be912d54f175d25badaffe914dd244f4604ebadef938128be128ba5d158775073d256c3161fe6b72bdc660c2e0bd46e266caf8a9666d4fdb98f358d717c12199d22a010000
12	2	48	0	0	\\x1f8b0800000000000003ed99dd0d83201485f5ad13e02e4dfae210ddc1258813c8ca35b654a10a35fe80f09d1353c995a4e77e373c685994d1bb76d4446fd733556fe1b0ec5d2d58d7efa52c46df8a677fe97df2e25ed7edf8acf92f790ffe26fdf1374dfedbed9f20df13ffcfe0327f7108ffb7df2702fce7d96d3d41d6ec0fc35f7ef785e6171fff3de9c23f3dfefb1afef07755b6f0af3cfc25fc831bfef0873ffccfe1df4cee9ff08fc067f26f26fc1f9f3700a1f91dcf3feef7816efe62237f936f539827400a8e9def3ffce72760e4ef9a00e99980e5ce995f05aeea6bd39fe75f9fc23f0d87e6b7dee6c48a9f09a88d5ae59900dd07f8fb7b1da36dfeb55583bfdb6d602965af3f6ad55053072b4cea695e7bade30f2dc836bffe77e4273ff973cdafc84ffe1cf37779e7ef72cfff1d80f4f32b7b7daa02c59ee6b5d7b9e557f69afcf9e4470821841042082184d0f17a01d7a23d4200400000	\\x1f8b08000000000000035d90cb8ec2300c45ffc56b16d33203283f13b9ada11179203b8129a8ff8e4317055696ceb5cf8df2809806b2012f17174f601e808ec134ed6e03031db1f86c3a5fa823e6c9764546eb09af24f6e6f2682b76247af0f3b71e0c24c4d94a4e913a76fd19cce12d759cc1b4ed27597c2746515bbb5dc317b28d2ade9ef4526beb1759247d420f66a7eb479f6ec462fa9127c198470a2568095104b36df6eb0627a18a7ee70d04ca3860c6fa1bd9058dc1c4e2bd46e2ee54f1bf76ab7f5ac6bd8e797e02a3ddefcd4c010000
13	2	64	0	0	\\x1f8b0800000000000003ed93d10d80200c44e912ed2e7e32843bb804710258598c092221698c8606e8bd1f2f7e5def0003c646a0533051ff4709ace21254c50dce7529ed7fe6fe6dc70b406601c42c20bfc59bfe57f1e6feebbf67905900310b785e63cef7df336dfb5fe0fede22d2ed7d6717563855fa86120b9ee72dfd6cf943e967cb1f4aaff94f793f7c7e954aa592d2018882ae2000140000	\\x1f8b08000000000000035d8fcd0e82300cc7dfa5670e024a4c5f66295260c9d8c8364420bcbb9d1c504f4d7eff8fb61b58d7b01a681cb5ed003720ed01f3a2caa0e1962613b13613d7ecfda2ea29f4ca303d39a859c75e25ac3948e0723b038df611b0287ec991e83c05f117e5297e90ca01ef5f4b437496a5f78f1c250f4706b0127b6bdccc3ea07741dc657edd331838524391d237510f2203dac91891825e39e117a0dcbb48bf74ac69ecfb1b927db1050b010000
23	2	64	0	32	\\x1f8b0800000000000003ed94e10d85200c8465099c804518c2718c1bb8b2042160684522842abd2fef8f679e5eaf222661510681a21cad7cfffc2777bdf145e24a4b7c45033ece9c61bdb0b81f1de4cdac7c7e7872c1d7066ceeb9ffef4ddabfdf00dda07f7aa4e9cfae7d9fd07c72f32bf57bf78f79ba51ff944e00a81f159dd7707f75f7836affe1fd6b7fff7436006f7794fef3fbf1e7f37ffb98f6caea9da7549c9ff373fe71f3b3582c562d1df046c6aa00140000	\\x1f8b08000000000000035d8e4b0e83300c44efe27536809a56be4c64352e8d14024a4c3fa0dcbda65d20bab2f46634cf2ba4d1b31b689a42ea0157a090019bd61af07ca3390afa9005b06d8fc43d83dc5d9fa9140dbb3dfc22d7005eec013e380276e79d151913abeb8ffc86af2369ddda6a6060214f42db771206ce2a4c738c1a95b0f0865f8027036f1d53e7b29d5a3f634bf50bdb000000
14	2	0	0	16	\\x1f8b0800000000000003ed584d8eb3300c854b0c9bae46738608e9dbf5283d0862ff35e1ca4312f263c7718042e948b1a7a2af2fd038cf7632fd697e166f9bfbfcc2fe13f19497f8efd939fe8bf4121ffc363bc70fb3df12877cea61e4d0f4c6e971d6fb684c6e24ff84ebfc557ddba2fefcddafebcff394fadbf42f67c03e3efe94bebb27de1ded7695a9ca3fc6bf0b7c4efd2f86dfaebfc8a8eff41719f55dfd0b5661cb73faa7bc7d5e4ff2bd1f81df6dc99f75f9758ccaf7cd19c4e9dbfa6b59ff727e70d54fd7bf1b2740fd87357c4459d367f5095995f2fd925550f198735997e3f35957e261d61da7ff960ce0f46d33ef8fd21ff787d81f467d01ea3fd4aa5b4de133e0117161ad4503d548f91e38ae7581589801db784a7de1bff5a8fadfee9cfef703f517512d53fa8b066b06c7bb1ac73b40b8af8f34a3f901f13dba0fd62a7c1ec7d3f98579ba8338fe2afd612788d5779fd3fcfefa17e4ff0ab86a71b7e8134542ff87eb9fefc6988ffb498e0f9d0176758ce033531e777d8c3e4d7fbc8b1ca73f55fd5aff0758173c1e2a42ebcb9d01e8331cecf7b43ef90e5f9ad33afedafe4feb5bce8fad9e3ff93b3eafbe58fa7fbcfe71b68826dd17861d7c4e3d91ed2a76c41a3effed479effdeab7f2933629eaf7e7cfeb3a33ae371fd733554aab1bd3c7786dbc273df7d56fd97fe1b083caf7e49ff3cefce90f9939fd35f57e1c3bc6e89fe8ecff9ad39e3b781589ff2fdbcc6a5df8ef62bbc5ffdf8fe3dfac77794fa3f5ffd71fd3f50af70fa737e3bb1fed7e9f7ea6f837bab9bd77ffdb378f5a9fc8098df17daa8a6e9fc71da0f4bd577285f78f5bb97d7ff6adfa3ff917ea6feadd7bf23f56fbdfec32efd3ba3ffdff64fd07f6b7ed0fad37cd8cf79fdffb55d920155ffe3fcded0fbc21afd4bf7d3cfb803fd53f5ef40ff2e717c3ea0d4effe78f71f9af1cd36298ce553aa699aff1c960b5e4c2988e1fb57ededf1633c99f0fc5422ac4357045610c7cba1362fcfe5f12b39da0031562615e6eba8a675d82e155e2f904ac97abd3b7e6c260a332b8ce55c19e353b978163c25788967c67ae9029e63754b4361b35ea3e26777bee9287403501edb86a06379fe7f4aa99caa162b02ab054b035d15e8472b88a3d2d1b1ab0fd07f8ee26912de6369b151579a2800562612886dbe987101cff7cd57b77e0e87025066dc95a16bd312eb893b3c87247dc0f3c5a6820d30877dc01a4ca142948b3754844f7d77b932766d268565c843875d80a61654c032ec001efb7824c4134878027f44fe2b388d68b3d7993f866e4ee3b8a3216cfa1bc212f317db33defc02f68222bc6c0e0c06f121c13f507f099adf0805d6ad0ee209095ac0e034e08600bb2e726b767e1887e9e1f9270a2a3ebed269f0bac8ade1260ce78bf1f17659e02e5e34093cbb73a3aff15f16f862f80c82d27f3c39fd2f8fbf5ab56ad5aa55ab56ad5ab56ad5aa55ab76befd02e26f311b00400000	\\x1f8b08000000000000036d90d16ec2300c45ffc5cfbcb4850afc3391b5b8cc929b54893b3650ff7daed844413c593ae75e2bce0d528e1c469a264967c01b9014c0a6ed771079a0590da314036cdb67122e629fe1232719b8e4b9061533f66e7b7c173c17aad565f790de4ba1033c6d0afe0a0e89392a7bfad0bf182bcc8ef70f5c2945c06e4b44bfb8843fb1d9502d276f372fe4ff1052c0dee383e60b978a36ab4cbea1392c3b18d92892d1fa4326a37bc034abbaaa72e5157ffb6aafffdcc7751dcbf20b2ca79eec60010000
15	2	16	0	16	\\x1f8b0800000000000003ed988d8dc2300c85f112ed042c817442ca10dd8125d04dc0ad7c40daa376fc9383b669533f4b48c641cacb67a7001c60e108eabb41581184cf377d48abdb3e9a2462fd7a3843777f6d9388abae62c455727d1bb1347db90374feb8432cfeaf90f9879eff17bc685afcbb1df13f2ece3eaf1ed01a9d3e18d30f88654a5f9effb672fec767ccd101eff48cdc1565f89fa076fec3fcdb7d90df2539b3af3ffbd3faeb2697f94bf41f7d75068dbec4bfad66fe2dbe47638555875195e36bf5c4c0495a1b694a5d130cfe40685afc4f5027ff4888bb0d3ee58fabda4d2e51d4a61f0ee3bb9c0bfdf6cfe5df8d5e73f877c2fbeb8b81df904fc11f9f71fa69eb994def688daf4e1f946ffe037f8d3e7fffb7d9f37f86d27c6dfe38e7f98ea731187cb9299bb28efbe31dfed1c912fcb718dc29e26a0e9da5f85ba1ddfdb13f34fa0ffea7d10ca7ff1495a635377faeba2ffe342cfe97e204a7ec00ab3ff0ca3c3e9ff3cda59ff21fd702c39faed7e9a7fc2fcf284d7079fe5677940a7dfa73f87fa1ef707be3cf3f01e40e28cdfb7ff41b833e9dfff469a19fe4fa7f07e64eb8cd7f8da1f36f66e7bffee0386b27ba65fe5c5da78ff9a7f4b7cfffbbb07eeea2f99f683e830ad9467e69be33ff34477b73ffb5fba739de9afb77ff55fba739d999fbafdb3f15dd98fbef75db977f9adf6ef31c4049af9cdc3fded62ca6ddffcafdd37c3ffe5d2e97cbe572b95c2e97cbe5724daf5fece75b0200400000	\\x1f8b08000000000000035d904b0ec2201086ef326b17b66a552e43a676b4243c0c03d56a7a7707bb20ba9ae4fb5f8437f830907678bf1b7f03f506341154d3761b18e88ad926d5db4c3dc538eb3ef3a82de144ac1f268dba60432c81eda106061313a8b6fd256be21691c5dfeeaaf845ba0175ea7ee04416d4ee5819a7e049b6fec85a7c0928f64e2aae363c28b2ba8c7166f46924979d0c1379e96b8ed511035341fb8a26132c16765e36e028e18009cbbf24e34407e5b3b522b17951c14f798f6cceeb7995b32c1f5fccc2d156010000
16	2	32	0	16	\\x1f8b0800000000000003ed98516e83300c86e7b79e80de657d98c421b8432f51f5002b5c7983922638c606859004fcffa22c32d1627f0ecb0a5f7068578e6b227e755c117e38be127eccf806f63367bbb5a0ea338d4b4fe4679e3e08f461a851f37ffd0045dfed8f0bbaf7f3e6fb2317afa96579f4c121499ba70f9f3af54ff8f4a7fc2f0eff1b34ecfb21174f99fa846b26b6d4fcccb85d15caff32da3cc5f1efaf1bd8fd5f027faefe7e7ff84fc464b74577f0f441a06ff6bfcfdecc99f2b76f01735ae06adf24a7cff3c371fcf75f9a6ffaa3fecca7e2dca9e23144437a602ffecdc0bd3fef2de79f8343f8cbfb1fc743e7af8ff3f441a00f0e498a7e355b57e9ff835cccbf61e5fabab3e9fded46f7e60f3bf1f7dfe4e5f0975de2b9dff2e7e33c7d10e8fbfbff1ba61d939a6f287f6ad796e4f8fca9535c89fca57356e99d409ba2eff2a7e8bbfce9337c89fc0de37399a74ff3af26fb9fa35f167f997ea9fd31cf97defff6c9e5fcef834be66feb215592af756ada1cfb75fcfdef7cb7e29fc3773f3e7fba46d4134bfb63c9a9625ffa5bf3b724efe3bddcfd2ff15fda1f5b120ceb90f8fc7d97c4ff9999ba41781c4fe932a58517f51e8f97f93c78fe78dcf5b7a7f9e1d8f963bd17397887fc7f5fe8d7e37174e1258df977261237ff57cb8f9f6bc7ab35977f9724ffd5f906d707af08af356efefbe78b9538ffe4c20bc24bd5fc8f9d3f96e63f5de929f36fdb56f377c667cbbf6bbb73e76f577ab6fc552a954aa552a9542a954aa55285eb0f0edda78700400000	\\x1f8b08000000000000035d904d6ec3400846efc23a8bda69a2762e33c2314950b1c78299fcca772f132f9c7685f43e78209e30a69ee280d3c4e309c213901542d3ee37d0d3118be4d049a18e54efb12b768e4278218b57cee7583193f9c0c76e1de8c94873b49c46ea940f3f10bede52d60ca16dff92c5775234b7b5db357ca1d8b8e2eda497dab7fe238be4905020ecbdfd28e94a6a419379f7b6f95c512ec25365bb955d380956f63d6f60a08c3d66ac3fc93c780e612c221e193fa8e29b5fe05bee4b79d432cfbf38d4a73c52010000
17	2	48	0	16	\\x1f8b0800000000000003ed98c11183201045c32d156003a922478bb01cc70ed272464d600717d61914d0fdff5fd4e5e0f7b1289a8721b6ce2662a96e36b53e31764f3dcf96b154a7ee18d3fac8988ee5ea2d997f5ee1d5d7623f2255e72cd5c1bf36ff349d5cbe7bf89fb30e94e3ff3657e69ff65ebe31866bbd17189f3103caf11fdcd1fdf84beb835cafe523f9db04ffa7f33df95fd547f1b742ff3fc93305ff765c6afd9ff9ffdf00e04f5dfe9d2ff3cde3df05fc87cd5305fffdb343fa2a6c87bf8df09f4ddfffbaf8d7edef92fc63fdefe7c0a0907fdb2ecb7f04ffc67c1c7f7e07e0d97bfa327fffafa8b66bf3a9c3df8af574ff771bfea1d1ff6df87cfe7c2f83bf77ce3760eeee00fd5f9bbfcc8f1bd193ebb17a0bfcb77bff6bf19f1ad7c7293c3f4675d3c9427ee4d79e7f3df0e7eaf2933b457e7df9e9ad6accff3b70e7daf2cf1d80fc7af34f4b7cbdf9e9bd223ff223bf9efc1004411004411004411004e5eb0b2402948400400000	\\x1f8b08000000000000035d8fc10e82400c44ffa5672e8031a63fb3a96cc18dcb2ed92ea210fedd2207d1d324f3a6d37681102d9b9e86c1850e70017209b0acce05586e69f4192d0ba76c24c7c0d7e49a3be0e5405dca8055f5eb98c9e59be9128928acbff06399522b0e1bc4f9072723142c607d04db4e3de7cfd9db9b481ef0acf1d6c78993608aa2e9ba3cad05f49cc952a6eda7ec7ac58061f45e91b89937fba9cd3afdda65de645ddff548790312010000
18	2	64	0	16	\\x1f8b0800000000000003ed94d90d80201044a109adc046e886268c1568cb2a47246417100df7cc17993561f61129a1559a09533279e626c43a9fd109e9f59a80fce4b0f51c9697e26f14fcdb8fcf25dfef3748cf9f57c97f51c6b60ba5eeedc7e4cc9a70a565f2e755f25f00fee69e7c79e8fb609efc1ddd78fefabb58fe3371f17f5e406ebe21fcef3f2dc4d7dc6e287f3cb7e9b7ca5fbb0efe5b613aecb321fbfc873254740aefbff7dd7fefbebf5840b7fdd5655bef3f343434944a278e1ba38800140000	\\x1f8b08000000000000035d8fcb0a83301045ff65d62eda482de467c2d84c3510a32413eb03ffbd135c48bb1a38f7c19d1dc268c90c384d2e74a077401741df555381a53766cfbaf5995a8a71356d4ebdf1843325f371dc9b821d2509dc1e57c0bac8a095fa2567a28b98c4afea4b143493075d3f2f96780c24b57fe4ec788d28f6a6392a1888d1226359ce6ea028dd217b2f52721b15bc80966dab94c94f5b39c7f1058e323c5bf7000000
19	2	0	0	32	\\x1f8b0800000000000003ed994d6ee3300c85934ba49b2ee70c86d1d96535279875908304d98f2d5f79645b3fd41329c9881bb98048b4ce0be5c0f4474a8a733e9db3fe6bf174541e11c62fdae5f8258a5f8cd3f88589a3e7e276d4a77169c463f1bb1b87e31f6ec4c3f94dffd9710ff05ebbfdcf7b9f8c6e894be37af22a4f7f4ffe315f1a8fe9d93342fafbf39747acf709e9c7fcd125fe797ef188f80c3c3ffd79292fe17f4ed02faf0f4f433a5fe68b2cf7e27fd991ff8de59f2663670da44d7b379e3172f5b14597f1dfcb79fe31abe3f05f097540bf03fe1d70ed807f1ca79ddb6bdd07ef74a4267a132fd5f87969fd5efe251512d744aa7ef6e09f8aafbd8cfcb1ff912ff67f1c0fbb117962ff631cfb19f996c76bf3ced7833c5fbc8fff96f5ff1e9c2351a7fbc52df375581d3d339edb5fc89f5e9b6f9e7fbe3e64fa25fcd3718e7e07f58144e96c11f77aef6683fb29e663677f79b6f0ab03b78fa4b305bfcff4b3c11cafcdf727f2ff0ce29cfb4a41362115248dbd2bc57ba8a430ee6787b892305e9b6fcaaf05235ee15f128f7b3fcd7fbee33733f643bbd4bbb6fb7166ee4e7cd7d2de95bfdf733b09bef7ebf7ff354bf87bf997c5b9ee2febff0f86ffdecf7e62bef9670ba1aec7bf8c70eeec63f1b7cf0078fe219faf33f7be448f7bffcf991fbbc5ebf27fddd3f4f3cfff72f1347dbefffd48e48ffefb6ce9bfeb99f077f2cfcfe8659ff16a1594554999af5d1c3e01e0f8fb9d56f85b411ce7e8d07d417a4f2f7d42279c978a973effdf8fde3539e29a89d7e42ff7ffdfe8ae72fca9dfe15931ed7fbe53c33d1ff77b00c6e527c675f77fafeef84a2a205f215bf9d30ae880ff17acc25d3036a6bfbe775beaa0033ed8e9e17362dac9bd9b35b899a02f8a1ffdfb5f7dfa5cff87f1b8b7fdb744b9ffe3274061a7caab858ff72769ad086b801be16be879309bb4a19e4d8dc3007a549352937f43bfa65aa5f5b4bc5475b2940d2fc95cf89230e851f9c4ec0d207a52537864ad4a9209536a44bd266af2a7da1c79edef07dea7e05825c9848d6b9a813679457aa978d0e251d795c93b38d6c831654aa176790ca8214fd423e4cbea1a39a60cafc85ea79fff144d57315a71daa56fe703a36be49832bc2073bdcab605d1f3fc3fba897c747a4a68b21e3c977bf3f60433c6e4bfa6fb6f403dcebde0d21bc69c9ef325ebe7b21ebe3fc18d668bf5398ca8952fea85eea21ddd584f64fd3793c0f1f8a3595a9a266adfcbe44658ad78edcbdf1c2ba7973573edf31fea89e6a698dc4aac727a59f3ac51bb6c4193999e671fe8bad9e5cd6f7450afa9887ab2da2df88c3efe0468f9da6db1d71aa37e196bfb4dc86b65f444b45b350f6ee67add857aadd3d69b0046af1b04a227a355a097fb5335b712c342f54d3ee825701c8af5d2165ecf774cfd00fecd9a356bd6ac59b366cd9a356bd6ac59b3d7ed3f3b4e7c4d00400000	\\x1f8b08000000000000036d50d16ec3200cfc179e36299a4248d3949f416c389d25021190766d957f9fbda94a168d179bf3ddc9be8708d18119ed3461380bfd101693d0b2e92af13e970269f008593ffb9b49e084564d5f0907839d7dd10e5311ba69fe22e68ae5d37cc48003a43867e3912d88d8ff473c279b330dd53a245d3052e853b7c314611b931f2913fb0d91ce0113009c07b23dec27250110dcae70467f8164b20d7cdf869f4b0cc4953be4799ff54277441f7cbc42ca3ac54c6c25db152ab3c789b1c35289118a75b658cebae04873ee5e645d4955c9f6957fe0ed9439e7e35b5ff393a7faa8dabea3745813670a5cd5cb427e19efc09a2f5a91d6b8fd963b9765f90684beb773df010000
20	2	16	0	32	\\x1f8b0800000000000003ed994d6ec2301085e34b840dcb7287a8a8adc421ba46dd7109d40bc45cb969f8b3c7f68cb10d93c4f39e40998c85f2fcd9e14f356a016e0d53fdc7bc1abd366cf78f83bfd4b1b97b6df9f8b03bb2df5d9ebbc0d8ce1883f5ff8fb8c9711827ae3cfc4d43fe26fdcfe17815c9ff27616db8fcf03544af256e16d35b03769fe60f6ddf31f0f94f5f03a59c3e83bb6c06f9af507e05c03e4edfe57f1f49f1dfbf80ee33f7bf4b6f679df3d1dd05c6f2ad8830ffb369fedf01fe673f9f314697f7fe8fd3f4ad006efe6e1fa70ff7bffb6ec1c9fff5efffbc77f4142f9b3f6deef9e7364e5f11f46dfe2e7de13f7597e0ffa184ff5c8dd357047d73fffbe80bffa91ba7af08fa6db355e76f007efa187ffb57c325f29fc3a7419cbe22e85ff77f887ebdfbdffffd3ebe5f8e2fd57f05ffed6dafbf2bbbe676eabc6e9abcfd5d8a7e0cdf9c3e4ebf25e8cf75ff6f4663f4f3fae59ccb97e68fd16f09fa7efe87cb630af6cf858fdfdb60b3eb1b11cfbfd4fa78367f9cbeefffa118fe87c9f0ff9db84e57c15af77daf751f5d0f27f4c9aab51e9e58c3452898ff72fdf1f5786cd6e339d670110ae72f23d6701182d709f9e5d69cd96284e737f7734a3d9bfcb04ee6bdb0fcd9628c1625789592bfc2fcb0ae2c3fac2bcb0f6bc95f557e5857961fd63769e7c3cc12f34319f9758df9452291482412894422914824123dae3f8437198d00400000	\\x1f8b08000000000000036d914b8e83301044efe27516030c84f83296891b68c91fe40f0989b8fbb4271a9944b36ae97555b94b7e32eb1408239705edc4f89349f48c577577620a469974e4834e3080f79b1852988506b94210378cb3c8182190e1ab2d06853e325ed7efe4e5b83a8b23789782d01823d06375ff9f70f2325070dd9425f9aca818bf741fac217608f9b56661dfbdc11534e3cdb930ea0cc202289d3bb4077540bd8217415a4596e3223a0bd4f783fc9593f44247f251bb1bf8c0afb3df2824ce6092a14e0096f2aa73514ce0a5c56432ee0bf62e4046df05c5a471c9ac2d6c45a7656697fdc40c44a96494f91b231ada336e93d6b40af8808cef743a9db7bdc6238f7dff01adf7d4ac05020000
21	2	32	0	32	\\x1f8b0800000000000003ed58dd99a3300c3c37916b8034718f14b13d6c137c7a4db281962f8100b6ac1f9b981f672d3dec4ec6048dc62636e68f7965d567ddff7feed35859bdd230bc517933b15be649e5e5112725ff2ad910f9dd27c56c9fd85fdb7fbb3395330334ff0de1fe3efed359f7298f48e5ffd7ee1e87f8efaeff5939e7ef3082f73fefc45d48bbfe8f949466da7fbc7e7d3ee73c317ab0cf9cff633fb1ffd2eaff67f676bf71b4d68472b96746b87e7fefc6b4bd1b2bb56bb5bdc3dff2bcc6ee179e01fe1acf6bfd3f5372795024f3d237cc5d93787e44a38cc0de48fcaca466f846b9bef1d63fe6737bfe6b7300778eefcf96fef1fea4e26b86ff54ffa9de60fdba7f324fdd212fdedfffb97c7efb3f37fd3dfcb1fabf2eefb378fecbfee7b9ff77b13603fc335e4c07b7e6cf0eef5fabf3276b0477fe1bf93cfdc73da4cef0e93ca2587b441c7f463c66c37943dc7b7807369f2e3efbfccf7d4ef3f13badd03b706e519f526f19397f97f1bfe7fd0f7688ea480c1f320396ecf7f52a523c6fe6932d97e3d9984f7f4d0c79a437c2f8ad4d786743ce03fe884af1f7fd1d5ddcfcd0cebdb2fb92ffb4fb5fe8efde19df1bd93dd7df78ff2b3442bbc3fbfecb2a39ff6705716bff68296ba7d8b9ffb4ffb63f94ff36bfccff4aa93fe6f9bfd4ff25ebff08effb714266d14dd1b66df77eecad273612482efa33d36fd7f979fa7115b82eb7d0d4fa71077cdc69d8af3e58cdac2716afd581203d1be8db52bf5f7fb4bead71e268d1f76f8db57e639c2ea0df44b4f7e9063486b418784caec015f53f2a68dbfbcfcdaa2804db1506609030b4101c2be80778c8bb5e2ed7e9262f7ce3301018e07afb71f02ab18afe47ed4f39966934beb318063c1b79811edb331963c01830068cd33ffea67a5d3980e478d89337e08ec58031600c1803c66bee7e34b7c2e474e11830060daff1e3e70ab26f46e1980679feaa7eefea7f8912254a942851a2448912254a942851e263e33f0d66a74100400000	\\x1f8b08000000000000035d8fdb0e82300c86dfa5d75c08289abdcc525c85256333eb000fe1ddede402f1aac9f71fdabec107437ac0fbddfa0ed41bd0465065d51460e886a34baa7523b514e353b723f7da114ec47ab6a9d7195b62091c4e5bc0d8984055d59eac892e228bbfaa37f18b7409ead2ece0440e547dde185b3751d48cde88f063e6143cc9117f64dd780d283d8dd86f2ecc1459c5c0e2aecbe352c040090d26ccaf273b880cca8fce89c4f645193fa459d2cf75bcf258960f6cd59c4839010000
22	2	48	0	32	\\x1f8b0800000000000003ed985d7682301484cd267403b889f6cd45b8876e82c37b05b65c7f8e92847b731388c9c5cecc83c689c8e48b486b7686f59e7cb5b9babdfbc0a4cfbc258ee0e6f323b8791bfc7c3abf59ca8d75867bb2a79bcf6d5e0d384fc7f832ed4eab79fab2f9fdd1dc9f1d58fefc0e92f9bb7cd6e61c7fe3e494d3f8ffdc5d9b765efeef374d66e2435d81e2f8fb7cd3f93fcf20660780bf56f3fc8dc0ffb10342fc1f3be0db80bf5e87f8db39e730ffc36b9db5de03d45effda2ec55fab6baf7f7e9fae96e7f87ca9ccce97f2d7fabd8fe51fb39a712badc9e5f88757ffac9efff6f89ec4b3b2538a3f95e7e5afe76e30cf7a2f4d737c82f4def0bb4bfdfe9f9dc74fe2ff5ea7fc96d3a90efebe75d0d7cf3fc715a40964b8ff2feba3901e8333a87cfa7fb39c9b595e9a7ffd3bbe65fc63b8f0339e69cc2c8a60289ff85279f332bd3f5cfef36bcd5afe1c6f2dfb2027df18b2dc2c79c632fed4f5c1cee7fc4bfefd57df32ff93c0d7cea919b73bb077f28fcff9ef3f37fff3f977bc7e2fbd33bef4c3288dc78471278d3b7fdc8dd915e82f4ae82ff613fb32fd876150d15f543f38437fc3f80b381b77feb8db56ff64790b765d007fc667f79795ad38faa33ffa6fb97f96cb60ed3ea9427f6b01d6d7df74ff1caadd2755e88ffee8ff7ffb431004411004411004411094ae3f722d3b9a00400000	\\x1f8b08000000000000035d90c18ec2300c44ffc5670eb48582f23391bb3110c94daa38290ba8ffbecef650e034d29b19dbf20b427464479c261fae605e803e8169da7e078e2e58389b810b0d94d2c30e456e960967127bf7f9662bf6245ad81fb782f3298369db4fb236ae0945f36db799ffc83660cefd079c89c174a78d89e79992150c4e8db7b0e418488ff822ebc69f883aa7d7f885e39d92981445d35d73d8502eeca7ca8ecb0e46cae830637d47f6a3fa604261564bfc932afed56d3af1b1cab3cab2fc019f9dde114d010000
24	2	0	0	48	\\x1f8b0800000000000003ed96610e83200c85f512fa87732cfede49160f623cc036ae3c8753b028adb115a7f4254362b2c7c7ab4a9ee5d1548c827357aa93bdba654d2765d4105421f78f405f20f4cab9b2fc147a5c5fe7bb5178b5d87d3af55cd64bf4367f05f879e897f2e7a29d4f7d1b7fdd09f23f98f9e10ef0a58ff3fadd6fb58d750dbf5cfa6be4f3d766d5f5a5f9431d00dff7d85c9a979b1f530508afc7cf993f5c3fc77e4c09c37ba2b272869ff30d88e5c5bb1f3cfc9c92e5f5f9b7f6ff903d570ff0f2d1f8e93dd053975efe74fa639dff8bcc3fff863aa3a72fc71d70574edb03ec7be0aece3ff3719f8339f9a97943fee97cfffcb73dff58f27edee1792b555a9b9fb7ee0b8e4389fa6bbc24fd09f667f5a7589fda7fa9efe128e5fffa19c0712fffd8fcb1f3bfba3f96bbb4ff52ffc3e72096ff309ed4bf7d4afd71f2ff0bff54a952a54a75ecfa004052a04500200000	\\x1f8b08000000000000036d8fd10e82300c45ffa5cfbc3074c1fdccb2b8824dc646b61215c2bf5b620c4a7c6a726eefeded023179b4831b478a3d98051c6530b5d21578ecdc14d878ca0c46a95f62efc4377b4d913acc692a3610338a57b5ff16fbec4a11b1d945f1455b83b9e8036b847d854833b411d1079484b33e289c11059f765c384541f5817c1abb0046ebb58201d979c76e7b9b69c02cf1710a41a442336ef8213172f0f91e3398765d5f02d0463734010000
25	2	16	0	48	\\x1f8b0800000000000003ed975f8e832010c6f112f5a58f7a0542f665134ed2f420c60314bcf22a7fca302068957677c37c71c7afb585df0cb069431a209e70678893cb4e5172f544c98d0cead2a2cf3bebd92cdfe3f7a13f9b30a7bdfc57a4c1d0dfc81d916b31c497f3ef64e727f1a7c4d03dcb3cff17fbef145b03ccf498010d9e87cf9ddbdff4f9c10fee7faaaefb939aa2fd4f9ffb5bb35173d97ac47cc95efbf5e024b603722ba235dcb0ff14f59e7addd71e769f7a8e79352acfdf2bd9d7967bc8877dc8df06ebdf9187ebdfadfd81c05d10ee8fd8feef914bfb35f5e833b002d641fe540d5a23c8ffdda44fc0f0ccdf76fef591991faf479c7ff17afdfb7e8ddfd62077feefd53a6fcea7f9f9ea73b01e97c0a7f8db42fc9d99b19e45a764e7d521efdef7b97227ff967d13ab408b743ebfe5e11eaf254ef9c6540f3a4bfb6a053ec70f691671e435c516fe237a3f7fe3cd3e4ee75e09f99b13e93fc31f935baf617fbb02bf0c5fe3ff4afe273cc2ff29bdbbff63a910725a22c83ab95c76f8692dcbc2e3ebaf97533cbb2835be9033a11432921778a9f8e7bfa5c61f8598071b4524cff318e53241954b0dff181f0b6d90852a8d9ce7224bf24ba140a7204bb30275078af5df7e7f90d10a2c36fec6a8e3d7f1ebf8ff6ffc1a356ad4a851a3c6ef8d1f251eb65700200000	\\x1f8b08000000000000036d90db6ac3300c86df45d7bd49d265ad5ec68859e9048a5d6c25ed5af2ee5318235dd895e0fb0fb2f58494238791ae574917c0279014c0a6ed0f1079a0490da314036cdbbf24dcc43ec3474e3270c9530d2a66ecd9f6f49ff152a85617bb4df45c0a0de0b9dfb1ced94b89476756c0ee7d63fe5a0e89392a7beb5bbf53ac303b3e6eb88ace5c42a514bde9c55f2d27f7363bf2fb3df2c5bddb07cd372e154baeeeee9ae38666c94a2b3b2f0718d92892d17a4a93d175c034a9ba54e5c12bbefb366ffcfa190fc0d3b27c030a717e5388010000
26	2	32	0	48	\\x1f8b0800000000000003ed96ed11c2200c86650998a08b38843b7409ce09eaca1e672921b6968f4410f3e6471b0eeee549e05a75514c712d5aa5511814963878c87d841c3ee19c11f98fab12dee3673b7efd25f6b3195307fc7be7f1a88375316dbc3ef3232dcf3fa6a3a2a5e5bfb1f19f13d355a4c7fef710c29fca3fff047f7cd31538e9fb792affdc297f2e6f293f55055af06bf0d575b9e382cc6e5f9c779e921fff3f193462d1885d47f4bada6eb4af6e879d7193f3f1c7bc26aa806783bd86fde627aee32fedb7f0f7c97f67d22351e22ffee23fa8ffd2d67f69ec9fb2014a47e09cac6c9777b7e09a6b5ee51f7cf3a9f3fd3f71ff83bf4824128944a271f404b42d7bdb00200000	\\x1f8b08000000000000035d8f4b0a83301086ef326b1735d2b4e432616ca61a8851f2d0aa78f78e75217635f0fd2f6605df1bd21d0e83f50da815d00650a59005187a637649d52e534d21ccbaceb1d58e70a4a8279b5abd634b9103b7fb1930362450425cc991680246f68bea147f4897a09ef2024772a0aac7c962ea3df1d61f398a5f3db25dcaad808e121a4cb8bf936c4781077d768ea56817daf1876b786d3ecec2dbdbf605ecba7ae00c010000
27	2	48	0	48	\\x1f8b0800000000000003ed54db1184200cd426a0021ab1882b87b90e68f91e1a0d891e4107e434d90fdc8c339bdd30f45d9f0543b8251d4f3a7eea18c43f9db167260e3d8b781de4b957ff923c62ff364a04bcc25fd8bd411cfef2a4d39aff743e7142962484bdc779d4b91fa5fdefc90bc312b4e27f7803b3f17417f50f6edd0607a438ce6a9db7e93fe56f6bffebf781de1dcc24fe1fa7fa1fd0c4c0a579a4d1f6fef9bef87de67f5ccb7f7e4277f37f04eabf75ff2e7ad5dc04da29e9ffbcf79ffb4df15fe0af44eded9fbb7ffa4ed677efbba7b0029c01ce00e7f72becac7fd1e7732cfaf31c619e433c4fae3e9b67c9639923238fa3fadb73a9beeaabbeeadf525f2a5f485f2c5f2c7f2d2d2d2d2d2dad76eb059ebb114f00200000	\\x1f8b08000000000000035d8e4b0ac3300c44efa2753671c02dbe8c11b59a1afc09b6d24f82ef5ea5598474257833ccd30a293bb211a7c9a711cc0ae80b985ee90e1cdd710e6c9c2f0c46a933b12fcf0f3b16ac55c2e1087fc8f660aefa049f14c00c978355ce89c4f547f6e15b46a96bdd3a88c4e89071fb8e7da422c234872051f50b6df82d3362fbec6711776b5f290e0f9bdb000000
28	2	64	0	48	\\x1f8b08000000000000036364601c30e884c2134383e268b08e2670e07c8f0a89f3bd15e370f4ffc0c4fc60f1ff40fa7ea8f99ffae9bf8116a09f7830c0d6d3c07e526ca781fda4593ffcec1f05a3800400007bcc1bda000a0000	\\x1f8b08000000000000035d8e4b0ac3300c05efa2b53771da507419236a2535f8136c85b409b97b15ba28ed76e631bc1d72f1ec12cd73c813e00e142a606707039e475aa2a00f5500adfd256e0df27053a5d654f65fd9a464d6c41ff9ecef8522e0a0f53196956bc35a9aaefbee7218482ce449e8fc2121a906cc4b8caa5ad8f8c44fc0ab8197f6b5b101de8ee30da9f6b7ffc4000000
29	2	0	16	0	\\x1f8b0800000000000003edd4010900200c445163994e4ca0958d71e0bdf70b8c31b6c69224499224499224d534e313489212f9ff72050d5d0000e874d2034090fb2f5cc106000000bef7006719413100400000	\\x1f8b0800000000000003258c410a80201045ef32eb3605b9f03232e02f06d422152af1ee8db47af01fff354a87878b7c9e9276b28d582eb2f36226f2d8b88662d5c025c00764b2abe9134514f65c781c8a445c2a520d4155961763beb5a291e7c73bd0fb070121655a6f000000
30	2	16	16	0	\\x1f8b0800000000000003edc1010d0000080320937f36b0b23974402aaaaaaaaaaaaaaaeaf103000000bcd7000000c07b0bfa31286900400000	\\x1f8b0800000000000003ab56cacb4f498dcf4d2c28c8cc4b57b2aa564acc2c52b2323432abd551ca4d2d494c492c4904099764e6a616152b59e595e6e400a58a33ab5241c21540b5663a4a9510aa0a44d5d6020046a5742a55000000
31	2	32	16	0	\\x1f8b0800000000000003edc1010d0000080320937f36b0b23974402aaaaaaaaaaaaaaaeaf103000000bcd7000000c07b0bfa31286900400000	\\x1f8b0800000000000003ab56cacb4f498dcf4d2c28c8cc4b57b2aa564acc2c52b2323432abd551ca4d2d494c492c4904099764e6a616152b59e595e6e400a58a33ab5241c21540b5663a4a9510aa0a44d5d6020046a5742a55000000
32	2	48	16	0	\\x1f8b0800000000000003edc1010d0000080320937f36b0b23974402aaaaaaaaaaaaaaaeaf103000000bcd7000000c07b0bfa31286900400000	\\x1f8b0800000000000003ab56cacb4f498dcf4d2c28c8cc4b57b2aa564acc2c52b2323432abd551ca4d2d494c492c4904099764e6a616152b59e595e6e400a58a33ab5241c21540b5663a4a9510aa0a44d5d6020046a5742a55000000
33	2	64	16	0	\\x1f8b0800000000000003edc1010d0000080320937f36b0b2410e64a2aa6ad10328b500a51e75162e1f00140000	\\x1f8b0800000000000003158bc10a80201005ffe59dbd14e4617f26165c62414dd4a014ff3d3d0dcc301df17672064e49e305ea60cda06db7c3204865c79597ae1a2417507cbc9fa96893a55fd061f0cdc31ab485317eab4a429854000000
34	2	0	16	16	\\x1f8b0800000000000003edd5410e823014455197d5d5113760bb65092a0942edb0f1ff736f0214267dbc4297db429227cbf4197086e57d2c8315305a1fd6cf3f5af6e67bfde93d8ee5ebfcbaf6ed67577fb406e2dbef78bc0bd80362abbf0c6a99244992cc620376eaec094c64cd5e1ff574efe738106bf67ac897237b6d9f643573fb1bd1f38dc9f7060e89b77f40f7e9c5381ad1f35d90303200a0b53b000000000008cf133ae21ef000400000	\\x1f8b0800000000000003258c410a80201045ef32eb3605b9f03232e02f06d422152af1ee8db47af01fff354a87878b7c9e9276b28d582eb2f36226f2d8b88662d5c025c00764b2abe9134514f65c781c8a445c2a520d4155961763beb5a291e7c73bd0fb070121655a6f000000
35	2	16	16	16	\\x1f8b0800000000000003edc1010d0000080320937f36b0b23974402aaaaaaaaaaaaaaaeaf103000000bcd7000000c07b0bfa31286900400000	\\x1f8b0800000000000003ab56cacb4f498dcf4d2c28c8cc4b57b2aa564acc2c52b2323432abd551ca4d2d494c492c4904099764e6a616152b59e595e6e400a58a33ab5241c21540b5663a4a9510aa0a44d5d6020046a5742a55000000
36	2	32	16	16	\\x1f8b0800000000000003edc1010d0000080320937f36b0b23974402aaaaaaaaaaaaaaaeaf103000000bcd7000000c07b0bfa31286900400000	\\x1f8b0800000000000003ab56cacb4f498dcf4d2c28c8cc4b57b2aa564acc2c52b2323432abd551ca4d2d494c492c4904099764e6a616152b59e595e6e400a58a33ab5241c21540b5663a4a9510aa0a44d5d6020046a5742a55000000
37	2	48	16	16	\\x1f8b0800000000000003edc1010d0000080320937f36b0b23974402aaaaaaaaaaaaaaaeaf103000000bcd7000000c07b0bfa31286900400000	\\x1f8b0800000000000003ab56cacb4f498dcf4d2c28c8cc4b57b2aa564acc2c52b2323432abd551ca4d2d494c492c4904099764e6a616152b59e595e6e400a58a33ab5241c21540b5663a4a9510aa0a44d5d6020046a5742a55000000
38	2	64	16	16	\\x1f8b0800000000000003edc1010d0000080320937f36b0b2410e64a2aa6ad10328b500a51e75162e1f00140000	\\x1f8b0800000000000003158bc10a80201005ffe59dbd14e4617f26165c62414dd4a014ff3d3d0dcc301df17672064e49e305ea60cda06db7c3204865c79597ae1a2417507cbc9fa96893a55fd061f0cdc31ab485317eab4a429854000000
39	2	0	16	32	\\x1f8b0800000000000003ed980b0e82300c863995e9e90817a05c5950d87bcc474c5cf9be3f66e93ac5ad7b748cc398490a7508219b9287e29ab4c57b36ea4932dca208b66d39b5993f7d89f85d5de7abf9acf5277ef4cf0a77fb5224db7ee64fbf92207e5ba4cb6d7cdb333f91ee4d796697b7a85be51ad493881f42d71327f59595bee1c9fde4f4b655cad9a591c9b7e604b3a23fc9e06f80e5fb9f0c47dc3ef3c7cf6afd9beffce87d893b0deaf7fb96dfbf41a83d637cc98f7eadc5a10b5c11d53df2c704a89546d149cbe51c9756c7c77aff9aec61562d55d76d633ca7bdd6edd9f4f8e823fe3a0535db678e6d639df6b8cdce552c45db2cd6fb0775ac2eea1739121e67dbdee973fcceaec9269fe6047687620dfadad9e0fcd3253e0f537bff56fa330dfb7fd1795d06d1799fdadbb208fb13e7473df535600200000000000000f3dc01ddafa40100400000	\\x1f8b08000000000000035d8c3b0a80301005efb2751a452d721959c85302499464053fe4ee6eb0b37a30f39887d2e63047de779f56b20fb1cf64bb7e32e4b0f011c4aac19c001750c88e7f2319503c544311c28e855b477c44d67f3a425055fc8d864f8d6be1fae66e53eb0b3986ae0886000000
40	2	16	16	32	\\x1f8b0800000000000003edd4410a80201040d18ed5e9a413e8958b82905cb87093e3fb0f229d9518a52d35f6dbf3d64eebfdde1c8039f98fafad77ffa373fecdfd0100000000ccaabce59caf47a9364abb9622b7fa37fe3d7f6f1dade8e7932449d2e21d9224499224297c27b12b32ce00400000	\\x1f8b0800000000000003258c410a80201045ef32eb3605b9f03232e02f06d422152af1ee8db47af01fff354a87878b7c9e9276b28d582eb2f36226f2d8b88662d5c025c00764b2abe9134514f65c781c8a445c2a520d4155961763beb5a291e7c73bd0fb070121655a6f000000
41	2	32	16	32	\\x1f8b0800000000000003edc1010d0000080320937f36b0b23974402aaaaaaaaaaaaaaaeaf103000000bcd7000000c07b0bfa31286900400000	\\x1f8b0800000000000003ab56cacb4f498dcf4d2c28c8cc4b57b2aa564acc2c52b2323432abd551ca4d2d494c492c4904099764e6a616152b59e595e6e400a58a33ab5241c21540b5663a4a9510aa0a44d5d6020046a5742a55000000
42	2	48	16	32	\\x1f8b0800000000000003edc1010d0000080320937f36b0b23974402aaaaaaaaaaaaaaaeaf103000000bcd7000000c07b0bfa31286900400000	\\x1f8b0800000000000003ab56cacb4f498dcf4d2c28c8cc4b57b2aa564acc2c52b2323432abd551ca4d2d494c492c4904099764e6a616152b59e595e6e400a58a33ab5241c21540b5663a4a9510aa0a44d5d6020046a5742a55000000
43	2	64	16	32	\\x1f8b0800000000000003edc1010d0000080320937f36b0b2410e64a2aa6ad10328b500a51e75162e1f00140000	\\x1f8b0800000000000003158bc10a80201005ffe59dbd14e4617f26165c62414dd4a014ff3d3d0dcc301df17672064e49e305ea60cda06db7c3204865c79597ae1a2417507cbc9fa96893a55fd061f0cdc31ab485317eab4a429854000000
44	2	0	16	48	\\x1f8b0800000000000003edd4b10dc0200c0041c6ca7488099295e9ddb88b25fbee0b940a8c50f6da92248deb49be25493d9bfeffcfe6ef7e3fdde7cbfa80326f586192eaf71ff7fffb3cd5f31f00609c0bcf6208f700200000	\\x1f8b0800000000000003258c490a80301004ff32e75c141499cfc8405a092451b2800bf9bb133c357451f5523c2cd620e7e9e24efc92b8443c8cb3218b4daa2fac046b04ac47269ee66628a08895225d282e202988d57b45d93de8f7a5158ddcff3cc44b6b1fe4c7c8736e000000
45	2	16	16	48	\\x1f8b0800000000000003ed94410ec2300c04f3aac8afabf2012f5f26841002957a23053333aa2cab87645dab3959da266dd76f87fdaf1b3d1f1e3befbba5d7efffde4734b709dc93e6fed8988c8db751e7633df333cfbe8ffd4f8c9e0f11111111678b2e0defb597513fcdeaf3be0db5e0eaf9b57c0ec5eb0d54aaf564b9bc5d68dd7de4b70dace7e851176fa274d2e603009c4b01000080bfe30a0d37179100200000	\\x1f8b08000000000000035d8c4b0a80300c05ef92b51b4545721909f42985b64a8de087dedd883b570f661e73535a1cc628ebead34c7c93f84c5c377d450e93ec41d90cc604b8808db8fb1bcd80e1b65414a1e244e5eda88fc8f64f7b08a6367fe1c587c5ad707e73110fa53c57c98dd085000000
46	2	32	16	48	\\x1f8b0800000000000003edc101110000040430c9ff3450590fb6a5a2aaaaaa1e3f00c03b0d00bcb36b97405600200000	\\x1f8b0800000000000003ab56cacb4f498dcf4d2c28c8cc4b57b2aa564acc2c52b2323432abd551ca4d2d494c492c4904099764e6a616152b59e595e6e400a58a33ab5241c21540b5663a4a9510aa4ac9caa2b61600e10fb80854000000
47	2	48	16	48	\\x1f8b0800000000000003edc101110000040430c9ff3450590fb6a5a2aaaaaa1e3f00c03b0d00bcb36b97405600200000	\\x1f8b0800000000000003ab56cacb4f498dcf4d2c28c8cc4b57b2aa564acc2c52b2323432abd551ca4d2d494c492c4904099764e6a616152b59e595e6e400a58a33ab5241c21540b5663a4a9510aa4ac9caa2b61600e10fb80854000000
48	2	64	16	48	\\x1f8b0800000000000003ab63a81b85a370148ec21109fb47c1281840d0300a46c1000200dc85108e000a0000	\\x1f8b080000000000000315cb410a80201046e1bbfc6b370549cc6562c02106d4440d2af1eee9f67bbc8678393902a7a4f10435b066d0b2da6e10a4b2e3ca93ab06c905146fef472afac9e407b419bce3b0061f68effd0758ca5c8353000000
\.


--
-- Data for Name: user; Type: TABLE DATA; Schema: public; Owner: postgres
--

COPY public."user" (id, created, name, hash, mail) FROM stdin;
1	1586935339599	max_muster	$2a$10$hmOBNA8rRoeTKGsC8voosOiuKSL2xYa09IUFsfl5is0GherG7FdSe	\N
2	1586935628861	abc	$2a$10$fjnuRmNYksphtH3URG/luefb03dp2phXev0QLwjYKkjAXZyBrBiKe	\N
\.


--
-- Name: schema_id_seq; Type: SEQUENCE SET; Schema: public; Owner: postgres
--

SELECT pg_catalog.setval('public.schema_id_seq', 2, true);


--
-- Name: schemamod_id_seq; Type: SEQUENCE SET; Schema: public; Owner: postgres
--

SELECT pg_catalog.setval('public.schemamod_id_seq', 6, true);


--
-- Name: schemapart_id_seq; Type: SEQUENCE SET; Schema: public; Owner: postgres
--

SELECT pg_catalog.setval('public.schemapart_id_seq', 48, true);


--
-- Name: user_id_seq; Type: SEQUENCE SET; Schema: public; Owner: postgres
--

SELECT pg_catalog.setval('public.user_id_seq', 2, true);


--
-- Name: migrations migrations_name_key; Type: CONSTRAINT; Schema: public; Owner: postgres
--

ALTER TABLE ONLY public.migrations
    ADD CONSTRAINT migrations_name_key UNIQUE (name);


--
-- Name: migrations migrations_pkey; Type: CONSTRAINT; Schema: public; Owner: postgres
--

ALTER TABLE ONLY public.migrations
    ADD CONSTRAINT migrations_pkey PRIMARY KEY (id);


--
-- Name: schema schema_pkey; Type: CONSTRAINT; Schema: public; Owner: postgres
--

ALTER TABLE ONLY public.schema
    ADD CONSTRAINT schema_pkey PRIMARY KEY (id);


--
-- Name: schemamod schemamod_pkey; Type: CONSTRAINT; Schema: public; Owner: postgres
--

ALTER TABLE ONLY public.schemamod
    ADD CONSTRAINT schemamod_pkey PRIMARY KEY (id);


--
-- Name: schemapart schemapart_pkey; Type: CONSTRAINT; Schema: public; Owner: postgres
--

ALTER TABLE ONLY public.schemapart
    ADD CONSTRAINT schemapart_pkey PRIMARY KEY (id);


--
-- Name: user user_pkey; Type: CONSTRAINT; Schema: public; Owner: postgres
--

ALTER TABLE ONLY public."user"
    ADD CONSTRAINT user_pkey PRIMARY KEY (id);


--
-- Name: schema_created; Type: INDEX; Schema: public; Owner: postgres
--

CREATE INDEX schema_created ON public.schema USING btree (created);


--
-- Name: schemamod_schema_id; Type: INDEX; Schema: public; Owner: postgres
--

CREATE INDEX schemamod_schema_id ON public.schemamod USING btree (schema_id);


--
-- Name: schemapart_coords; Type: INDEX; Schema: public; Owner: postgres
--

CREATE INDEX schemapart_coords ON public.schemapart USING btree (schema_id, offset_x, offset_y, offset_z);


--
-- Name: user_created; Type: INDEX; Schema: public; Owner: postgres
--

CREATE INDEX user_created ON public."user" USING btree (created);


--
-- Name: user_name; Type: INDEX; Schema: public; Owner: postgres
--

CREATE UNIQUE INDEX user_name ON public."user" USING btree (name);


--
-- Name: schema schema_user_id_fkey; Type: FK CONSTRAINT; Schema: public; Owner: postgres
--

ALTER TABLE ONLY public.schema
    ADD CONSTRAINT schema_user_id_fkey FOREIGN KEY (user_id) REFERENCES public."user"(id) ON DELETE CASCADE;


--
-- Name: schemamod schemamod_schema_id_fkey; Type: FK CONSTRAINT; Schema: public; Owner: postgres
--

ALTER TABLE ONLY public.schemamod
    ADD CONSTRAINT schemamod_schema_id_fkey FOREIGN KEY (schema_id) REFERENCES public.schema(id) ON DELETE CASCADE;


--
-- Name: schemapart schemapart_schema_id_fkey; Type: FK CONSTRAINT; Schema: public; Owner: postgres
--

ALTER TABLE ONLY public.schemapart
    ADD CONSTRAINT schemapart_schema_id_fkey FOREIGN KEY (schema_id) REFERENCES public.schema(id) ON DELETE CASCADE;


--
-- PostgreSQL database dump complete
--

